,test_nll,test_auc,seed,device,verbose,decoding_alpha,decoding_method,decoding_disk_radii_1,decoding_disk_radii_2,num_tiles,data_filter,mapping_type,axis_resolution,vector_length_scale,vector_dimensionality
0,0.7918373580750789,0.5108650793650793,42,cuda,True,None,renyi_normalize_cubic,3,3,1,passthrough,SA_VSA_OGM,1,0.1,32768
1,0.7265659987868929,0.5462592592592592,42,cuda,True,None,renyi_normalize_cubic,3,3,2,passthrough,SA_VSA_OGM,1,0.1,32768
2,0.7903177283971196,0.45365608465608465,42,cuda,True,None,renyi_normalize_cubic,3,3,4,passthrough,SA_VSA_OGM,1,0.1,32768
3,0.7940764664778781,0.44685449735449734,42,cuda,True,None,renyi_normalize_cubic,3,3,8,passthrough,SA_VSA_OGM,1,0.1,32768
4,0.7146660540918396,0.5498597883597883,42,cuda,True,None,renyi_normalize_cubic,3,3,1,passthrough,SA_VSA_OGM,1,0.2,32768
5,0.7775637662955059,0.4573968253968254,42,cuda,True,None,renyi_normalize_cubic,3,3,2,passthrough,SA_VSA_OGM,1,0.2,32768
6,0.7148363849842411,0.5516375661375661,42,cuda,True,None,renyi_normalize_cubic,3,3,4,passthrough,SA_VSA_OGM,1,0.2,32768
7,0.763649236010972,0.47285185185185186,42,cuda,True,None,renyi_normalize_cubic,3,3,8,passthrough,SA_VSA_OGM,1,0.2,32768
8,0.5367842231631436,0.8325449735449736,42,cuda,True,None,renyi_normalize_cubic,3,3,1,passthrough,SA_VSA_OGM,1,0.5,32768
9,0.5143400781734583,0.832984126984127,42,cuda,True,None,renyi_normalize_cubic,3,3,2,passthrough,SA_VSA_OGM,1,0.5,32768
10,0.6213746041574116,0.7870582010582011,42,cuda,True,None,renyi_normalize_cubic,3,3,4,passthrough,SA_VSA_OGM,1,0.5,32768
11,0.5262453000302643,0.849915343915344,42,cuda,True,None,renyi_normalize_cubic,3,3,8,passthrough,SA_VSA_OGM,1,0.5,32768
12,0.38440352922322985,0.9308280423280424,42,cuda,True,None,renyi_normalize_cubic,3,3,1,passthrough,SA_VSA_OGM,1,1.0,32768
13,0.4006434216750286,0.9320793650793652,42,cuda,True,None,renyi_normalize_cubic,3,3,2,passthrough,SA_VSA_OGM,1,1.0,32768
14,0.4063386174492269,0.933978835978836,42,cuda,True,None,renyi_normalize_cubic,3,3,4,passthrough,SA_VSA_OGM,1,1.0,32768
15,0.3724883829663149,0.9391455026455028,42,cuda,True,None,renyi_normalize_cubic,3,3,8,passthrough,SA_VSA_OGM,1,1.0,32768
16,0.310024113293661,0.9477857142857142,42,cuda,True,None,renyi_normalize_cubic,3,3,1,passthrough,SA_VSA_OGM,1,1.5,32768
17,0.3144956142590497,0.9421216931216932,42,cuda,True,None,renyi_normalize_cubic,3,3,2,passthrough,SA_VSA_OGM,1,1.5,32768
18,0.2871345951292701,0.9473968253968256,42,cuda,True,None,renyi_normalize_cubic,3,3,4,passthrough,SA_VSA_OGM,1,1.5,32768
19,0.29304832806466613,0.9483465608465608,42,cuda,True,None,renyi_normalize_cubic,3,3,8,passthrough,SA_VSA_OGM,1,1.5,32768
20,0.2716115143194039,0.9482910052910052,42,cuda,True,None,renyi_normalize_cubic,3,3,1,passthrough,SA_VSA_OGM,1,2.0,32768
21,0.28638846192333794,0.9439603174603176,42,cuda,True,None,renyi_normalize_cubic,3,3,2,passthrough,SA_VSA_OGM,1,2.0,32768
22,0.2808749248953582,0.9460767195767196,42,cuda,True,None,renyi_normalize_cubic,3,3,4,passthrough,SA_VSA_OGM,1,2.0,32768
23,0.28938616685341984,0.944642857142857,42,cuda,True,None,renyi_normalize_cubic,3,3,8,passthrough,SA_VSA_OGM,1,2.0,32768
24,0.793227114992956,0.5052037037037037,42,cuda,True,None,renyi_normalize_cubic,3,3,1,passthrough,SA_VSA_OGM,1,0.1,16384
25,0.7879785833576868,0.4492883597883598,42,cuda,True,None,renyi_normalize_cubic,3,3,2,passthrough,SA_VSA_OGM,1,0.1,16384
26,0.7749857817656056,0.4590238095238095,42,cuda,True,None,renyi_normalize_cubic,3,3,4,passthrough,SA_VSA_OGM,1,0.1,16384
27,0.7593966341519511,0.5124285714285715,42,cuda,True,None,renyi_normalize_cubic,3,3,8,passthrough,SA_VSA_OGM,1,0.1,16384
28,0.7157545161433074,0.5422380952380952,42,cuda,True,None,renyi_normalize_cubic,3,3,1,passthrough,SA_VSA_OGM,1,0.2,16384
29,0.7050101984925597,0.5594920634920635,42,cuda,True,None,renyi_normalize_cubic,3,3,2,passthrough,SA_VSA_OGM,1,0.2,16384
30,0.7358729116424276,0.5183412698412699,42,cuda,True,None,renyi_normalize_cubic,3,3,4,passthrough,SA_VSA_OGM,1,0.2,16384
31,0.7447548674092981,0.5131190476190476,42,cuda,True,None,renyi_normalize_cubic,3,3,8,passthrough,SA_VSA_OGM,1,0.2,16384
32,0.6430120972902734,0.6567751322751323,42,cuda,True,None,renyi_normalize_cubic,3,3,1,passthrough,SA_VSA_OGM,1,0.5,16384
33,0.5567513137950275,0.8083359788359789,42,cuda,True,None,renyi_normalize_cubic,3,3,2,passthrough,SA_VSA_OGM,1,0.5,16384
34,0.5778817645124743,0.7669285714285714,42,cuda,True,None,renyi_normalize_cubic,3,3,4,passthrough,SA_VSA_OGM,1,0.5,16384
35,0.6486568895406745,0.7580661375661376,42,cuda,True,None,renyi_normalize_cubic,3,3,8,passthrough,SA_VSA_OGM,1,0.5,16384
36,0.4378554554824705,0.9242671957671956,42,cuda,True,None,renyi_normalize_cubic,3,3,1,passthrough,SA_VSA_OGM,1,1.0,16384
37,0.4532591843370128,0.9251851851851852,42,cuda,True,None,renyi_normalize_cubic,3,3,2,passthrough,SA_VSA_OGM,1,1.0,16384
38,0.43591550938001034,0.9054206349206352,42,cuda,True,None,renyi_normalize_cubic,3,3,4,passthrough,SA_VSA_OGM,1,1.0,16384
39,0.3832388840842349,0.9283492063492064,42,cuda,True,None,renyi_normalize_cubic,3,3,8,passthrough,SA_VSA_OGM,1,1.0,16384
40,0.29590466739981675,0.9463783068783068,42,cuda,True,None,renyi_normalize_cubic,3,3,1,passthrough,SA_VSA_OGM,1,1.5,16384
41,0.3479074898361157,0.949574074074074,42,cuda,True,None,renyi_normalize_cubic,3,3,2,passthrough,SA_VSA_OGM,1,1.5,16384
42,0.3698342814809856,0.9376216931216932,42,cuda,True,None,renyi_normalize_cubic,3,3,4,passthrough,SA_VSA_OGM,1,1.5,16384
43,0.41932795685089547,0.9359444444444444,42,cuda,True,None,renyi_normalize_cubic,3,3,8,passthrough,SA_VSA_OGM,1,1.5,16384
44,0.2837405104338186,0.9423571428571428,42,cuda,True,None,renyi_normalize_cubic,3,3,1,passthrough,SA_VSA_OGM,1,2.0,16384
45,0.288198015656339,0.9420608465608464,42,cuda,True,None,renyi_normalize_cubic,3,3,2,passthrough,SA_VSA_OGM,1,2.0,16384
46,0.29624191658151394,0.9428280423280424,42,cuda,True,None,renyi_normalize_cubic,3,3,4,passthrough,SA_VSA_OGM,1,2.0,16384
47,0.30245997824003223,0.9379814814814814,42,cuda,True,None,renyi_normalize_cubic,3,3,8,passthrough,SA_VSA_OGM,1,2.0,16384
48,0.8136718100988766,0.4603121693121693,42,cuda,True,None,renyi_normalize_cubic,3,3,1,passthrough,SA_VSA_OGM,1,0.1,8192
49,0.7447694491465585,0.477,42,cuda,True,None,renyi_normalize_cubic,3,3,2,passthrough,SA_VSA_OGM,1,0.1,8192
50,0.7071157910061445,0.5585079365079365,42,cuda,True,None,renyi_normalize_cubic,3,3,4,passthrough,SA_VSA_OGM,1,0.1,8192
51,0.8036517086131053,0.4641772486772487,42,cuda,True,None,renyi_normalize_cubic,3,3,8,passthrough,SA_VSA_OGM,1,0.1,8192
52,0.7571205104221381,0.4610846560846561,42,cuda,True,None,renyi_normalize_cubic,3,3,1,passthrough,SA_VSA_OGM,1,0.2,8192
53,0.7718142548995538,0.48111904761904767,42,cuda,True,None,renyi_normalize_cubic,3,3,2,passthrough,SA_VSA_OGM,1,0.2,8192
54,0.7152529221272359,0.561957671957672,42,cuda,True,None,renyi_normalize_cubic,3,3,4,passthrough,SA_VSA_OGM,1,0.2,8192
55,0.7179160530780138,0.5361296296296296,42,cuda,True,None,renyi_normalize_cubic,3,3,8,passthrough,SA_VSA_OGM,1,0.2,8192
56,0.696949150253318,0.6226719576719576,42,cuda,True,None,renyi_normalize_cubic,3,3,1,passthrough,SA_VSA_OGM,1,0.5,8192
57,0.7444777414289995,0.6010793650793651,42,cuda,True,None,renyi_normalize_cubic,3,3,2,passthrough,SA_VSA_OGM,1,0.5,8192
58,0.6880372789508755,0.7186825396825396,42,cuda,True,None,renyi_normalize_cubic,3,3,4,passthrough,SA_VSA_OGM,1,0.5,8192
59,0.7536991613091706,0.5824391534391533,42,cuda,True,None,renyi_normalize_cubic,3,3,8,passthrough,SA_VSA_OGM,1,0.5,8192
60,0.5067512584591204,0.8912089947089947,42,cuda,True,None,renyi_normalize_cubic,3,3,1,passthrough,SA_VSA_OGM,1,1.0,8192
61,0.5362553786722271,0.8937460317460317,42,cuda,True,None,renyi_normalize_cubic,3,3,2,passthrough,SA_VSA_OGM,1,1.0,8192
62,0.5200513257429401,0.8979894179894179,42,cuda,True,None,renyi_normalize_cubic,3,3,4,passthrough,SA_VSA_OGM,1,1.0,8192
63,0.4889262767107273,0.8611613756613757,42,cuda,True,None,renyi_normalize_cubic,3,3,8,passthrough,SA_VSA_OGM,1,1.0,8192
64,0.35637803272912616,0.9268968253968254,42,cuda,True,None,renyi_normalize_cubic,3,3,1,passthrough,SA_VSA_OGM,1,1.5,8192
65,0.33880576872442303,0.9274603174603172,42,cuda,True,None,renyi_normalize_cubic,3,3,2,passthrough,SA_VSA_OGM,1,1.5,8192
66,0.36877650152103986,0.9216402116402116,42,cuda,True,None,renyi_normalize_cubic,3,3,4,passthrough,SA_VSA_OGM,1,1.5,8192
67,0.3658581155984468,0.9236931216931216,42,cuda,True,None,renyi_normalize_cubic,3,3,8,passthrough,SA_VSA_OGM,1,1.5,8192
68,0.3125071967924141,0.9317089947089948,42,cuda,True,None,renyi_normalize_cubic,3,3,1,passthrough,SA_VSA_OGM,1,2.0,8192
69,0.3587140021195127,0.9343306878306878,42,cuda,True,None,renyi_normalize_cubic,3,3,2,passthrough,SA_VSA_OGM,1,2.0,8192
70,0.3273985987349944,0.924611111111111,42,cuda,True,None,renyi_normalize_cubic,3,3,4,passthrough,SA_VSA_OGM,1,2.0,8192
71,0.3144340816038744,0.9300185185185186,42,cuda,True,None,renyi_normalize_cubic,3,3,8,passthrough,SA_VSA_OGM,1,2.0,8192
72,0.7359816069666215,0.5090608465608465,42,cuda,True,None,renyi_normalize_cubic,3,3,1,passthrough,SA_VSA_OGM,1,0.1,4096
73,0.736720277856613,0.5146904761904763,42,cuda,True,None,renyi_normalize_cubic,3,3,2,passthrough,SA_VSA_OGM,1,0.1,4096
74,0.6998048643637251,0.5798571428571428,42,cuda,True,None,renyi_normalize_cubic,3,3,4,passthrough,SA_VSA_OGM,1,0.1,4096
75,0.7509728584282246,0.4599761904761905,42,cuda,True,None,renyi_normalize_cubic,3,3,8,passthrough,SA_VSA_OGM,1,0.1,4096
76,0.7129266306413133,0.5569312169312169,42,cuda,True,None,renyi_normalize_cubic,3,3,1,passthrough,SA_VSA_OGM,1,0.2,4096
77,0.714836008903517,0.5281349206349206,42,cuda,True,None,renyi_normalize_cubic,3,3,2,passthrough,SA_VSA_OGM,1,0.2,4096
78,0.7800566096566276,0.45165608465608464,42,cuda,True,None,renyi_normalize_cubic,3,3,4,passthrough,SA_VSA_OGM,1,0.2,4096
79,0.7443129623634305,0.4921904761904762,42,cuda,True,None,renyi_normalize_cubic,3,3,8,passthrough,SA_VSA_OGM,1,0.2,4096
80,0.7503526799180267,0.6030529100529101,42,cuda,True,None,renyi_normalize_cubic,3,3,1,passthrough,SA_VSA_OGM,1,0.5,4096
81,0.6834919522948546,0.6532566137566137,42,cuda,True,None,renyi_normalize_cubic,3,3,2,passthrough,SA_VSA_OGM,1,0.5,4096
82,0.6787018684137703,0.6255846560846561,42,cuda,True,None,renyi_normalize_cubic,3,3,4,passthrough,SA_VSA_OGM,1,0.5,4096
83,0.745659247493846,0.6264312169312168,42,cuda,True,None,renyi_normalize_cubic,3,3,8,passthrough,SA_VSA_OGM,1,0.5,4096
84,0.5775745909938652,0.8100793650793651,42,cuda,True,None,renyi_normalize_cubic,3,3,1,passthrough,SA_VSA_OGM,1,1.0,4096
85,0.5894543854321534,0.8267804232804232,42,cuda,True,None,renyi_normalize_cubic,3,3,2,passthrough,SA_VSA_OGM,1,1.0,4096
86,0.6151768948638158,0.772600529100529,42,cuda,True,None,renyi_normalize_cubic,3,3,4,passthrough,SA_VSA_OGM,1,1.0,4096
87,0.6603775583062504,0.7876375661375661,42,cuda,True,None,renyi_normalize_cubic,3,3,8,passthrough,SA_VSA_OGM,1,1.0,4096
88,0.4313209726791624,0.907031746031746,42,cuda,True,None,renyi_normalize_cubic,3,3,1,passthrough,SA_VSA_OGM,1,1.5,4096
89,0.46326749100177766,0.9010714285714286,42,cuda,True,None,renyi_normalize_cubic,3,3,2,passthrough,SA_VSA_OGM,1,1.5,4096
90,0.39996227172258775,0.9067486772486772,42,cuda,True,None,renyi_normalize_cubic,3,3,4,passthrough,SA_VSA_OGM,1,1.5,4096
91,0.5579025614901297,0.8454338624338623,42,cuda,True,None,renyi_normalize_cubic,3,3,8,passthrough,SA_VSA_OGM,1,1.5,4096
92,0.37427945666828577,0.9221455026455024,42,cuda,True,None,renyi_normalize_cubic,3,3,1,passthrough,SA_VSA_OGM,1,2.0,4096
93,0.3842971118008025,0.9064814814814814,42,cuda,True,None,renyi_normalize_cubic,3,3,2,passthrough,SA_VSA_OGM,1,2.0,4096
94,0.4248770238575,0.9093386243386244,42,cuda,True,None,renyi_normalize_cubic,3,3,4,passthrough,SA_VSA_OGM,1,2.0,4096
95,0.3730093040856429,0.9185873015873016,42,cuda,True,None,renyi_normalize_cubic,3,3,8,passthrough,SA_VSA_OGM,1,2.0,4096
96,0.755957494320971,0.4888677248677249,42,cuda,True,None,renyi_normalize_cubic,3,3,1,passthrough,SA_VSA_OGM,1,0.1,2048
97,0.7185821525943339,0.5326587301587302,42,cuda,True,None,renyi_normalize_cubic,3,3,2,passthrough,SA_VSA_OGM,1,0.1,2048
98,0.7395872259119917,0.5144867724867724,42,cuda,True,None,renyi_normalize_cubic,3,3,4,passthrough,SA_VSA_OGM,1,0.1,2048
99,0.7076560040161664,0.5123492063492063,42,cuda,True,None,renyi_normalize_cubic,3,3,8,passthrough,SA_VSA_OGM,1,0.1,2048
100,0.7443124728156412,0.4813571428571429,42,cuda,True,None,renyi_normalize_cubic,3,3,1,passthrough,SA_VSA_OGM,1,0.2,2048
101,0.692642045165349,0.5803359788359788,42,cuda,True,None,renyi_normalize_cubic,3,3,2,passthrough,SA_VSA_OGM,1,0.2,2048
102,0.7493959517997096,0.47691269841269845,42,cuda,True,None,renyi_normalize_cubic,3,3,4,passthrough,SA_VSA_OGM,1,0.2,2048
103,0.7018000593922527,0.5408439153439153,42,cuda,True,None,renyi_normalize_cubic,3,3,8,passthrough,SA_VSA_OGM,1,0.2,2048
104,0.7126456946155098,0.5533015873015873,42,cuda,True,None,renyi_normalize_cubic,3,3,1,passthrough,SA_VSA_OGM,1,0.5,2048
105,0.7804713290585235,0.48418783068783067,42,cuda,True,None,renyi_normalize_cubic,3,3,2,passthrough,SA_VSA_OGM,1,0.5,2048
106,0.8028528334905773,0.5881825396825398,42,cuda,True,None,renyi_normalize_cubic,3,3,4,passthrough,SA_VSA_OGM,1,0.5,2048
107,0.721382681066406,0.525021164021164,42,cuda,True,None,renyi_normalize_cubic,3,3,8,passthrough,SA_VSA_OGM,1,0.5,2048
108,0.7000133707837112,0.7319206349206349,42,cuda,True,None,renyi_normalize_cubic,3,3,1,passthrough,SA_VSA_OGM,1,1.0,2048
109,0.7964395181814906,0.6544920634920635,42,cuda,True,None,renyi_normalize_cubic,3,3,2,passthrough,SA_VSA_OGM,1,1.0,2048
110,0.6738153460194892,0.6473571428571429,42,cuda,True,None,renyi_normalize_cubic,3,3,4,passthrough,SA_VSA_OGM,1,1.0,2048
111,0.6469047414862713,0.6987962962962964,42,cuda,True,None,renyi_normalize_cubic,3,3,8,passthrough,SA_VSA_OGM,1,1.0,2048
112,0.5971785698665807,0.8256481481481481,42,cuda,True,None,renyi_normalize_cubic,3,3,1,passthrough,SA_VSA_OGM,1,1.5,2048
113,0.6435928769027481,0.785883597883598,42,cuda,True,None,renyi_normalize_cubic,3,3,2,passthrough,SA_VSA_OGM,1,1.5,2048
114,0.5964617485808483,0.8343068783068784,42,cuda,True,None,renyi_normalize_cubic,3,3,4,passthrough,SA_VSA_OGM,1,1.5,2048
115,0.6175048663455194,0.8088042328042329,42,cuda,True,None,renyi_normalize_cubic,3,3,8,passthrough,SA_VSA_OGM,1,1.5,2048
116,0.4665575674482269,0.8773888888888889,42,cuda,True,None,renyi_normalize_cubic,3,3,1,passthrough,SA_VSA_OGM,1,2.0,2048
117,0.5217869690770806,0.8870820105820105,42,cuda,True,None,renyi_normalize_cubic,3,3,2,passthrough,SA_VSA_OGM,1,2.0,2048
118,0.4496410611393388,0.896378306878307,42,cuda,True,None,renyi_normalize_cubic,3,3,4,passthrough,SA_VSA_OGM,1,2.0,2048
119,0.463289843960656,0.879984126984127,42,cuda,True,None,renyi_normalize_cubic,3,3,8,passthrough,SA_VSA_OGM,1,2.0,2048
120,0.7390336207188086,0.5120502645502646,42,cuda,True,None,renyi_normalize_cubic,3,3,1,passthrough,SA_VSA_OGM,1,0.1,1024
121,0.8993249984846919,0.4256190476190475,42,cuda,True,None,renyi_normalize_cubic,3,3,2,passthrough,SA_VSA_OGM,1,0.1,1024
122,0.7432503433944564,0.44600793650793646,42,cuda,True,None,renyi_normalize_cubic,3,3,4,passthrough,SA_VSA_OGM,1,0.1,1024
123,0.7149860185280029,0.5393465608465609,42,cuda,True,None,renyi_normalize_cubic,3,3,8,passthrough,SA_VSA_OGM,1,0.1,1024
124,0.7310732255461734,0.5146058201058201,42,cuda,True,None,renyi_normalize_cubic,3,3,1,passthrough,SA_VSA_OGM,1,0.2,1024
125,0.7432788045393509,0.49076719576719574,42,cuda,True,None,renyi_normalize_cubic,3,3,2,passthrough,SA_VSA_OGM,1,0.2,1024
126,0.8434467156836052,0.49650529100529106,42,cuda,True,None,renyi_normalize_cubic,3,3,4,passthrough,SA_VSA_OGM,1,0.2,1024
127,0.7406468960368218,0.4803703703703704,42,cuda,True,None,renyi_normalize_cubic,3,3,8,passthrough,SA_VSA_OGM,1,0.2,1024
128,0.746009421922418,0.4513571428571428,42,cuda,True,None,renyi_normalize_cubic,3,3,1,passthrough,SA_VSA_OGM,1,0.5,1024
129,0.7060972948796014,0.5662063492063492,42,cuda,True,None,renyi_normalize_cubic,3,3,2,passthrough,SA_VSA_OGM,1,0.5,1024
130,0.7062856917852328,0.5556719576719578,42,cuda,True,None,renyi_normalize_cubic,3,3,4,passthrough,SA_VSA_OGM,1,0.5,1024
131,0.7074662561833869,0.5515873015873016,42,cuda,True,None,renyi_normalize_cubic,3,3,8,passthrough,SA_VSA_OGM,1,0.5,1024
132,0.6765417460580044,0.6939285714285715,42,cuda,True,None,renyi_normalize_cubic,3,3,1,passthrough,SA_VSA_OGM,1,1.0,1024
133,0.7685290877465235,0.6737275132275132,42,cuda,True,None,renyi_normalize_cubic,3,3,2,passthrough,SA_VSA_OGM,1,1.0,1024
134,0.6644875466432261,0.7452883597883599,42,cuda,True,None,renyi_normalize_cubic,3,3,4,passthrough,SA_VSA_OGM,1,1.0,1024
135,0.754423472893069,0.6418306878306879,42,cuda,True,None,renyi_normalize_cubic,3,3,8,passthrough,SA_VSA_OGM,1,1.0,1024
136,0.571217403627412,0.7806798941798943,42,cuda,True,None,renyi_normalize_cubic,3,3,1,passthrough,SA_VSA_OGM,1,1.5,1024
137,0.7212823139192369,0.6586005291005291,42,cuda,True,None,renyi_normalize_cubic,3,3,2,passthrough,SA_VSA_OGM,1,1.5,1024
138,0.6635320496108862,0.8148095238095239,42,cuda,True,None,renyi_normalize_cubic,3,3,4,passthrough,SA_VSA_OGM,1,1.5,1024
139,0.6858422692943535,0.7128888888888889,42,cuda,True,None,renyi_normalize_cubic,3,3,8,passthrough,SA_VSA_OGM,1,1.5,1024
140,0.5727523619887108,0.8447724867724867,42,cuda,True,None,renyi_normalize_cubic,3,3,1,passthrough,SA_VSA_OGM,1,2.0,1024
141,0.6117554337166834,0.7822962962962963,42,cuda,True,None,renyi_normalize_cubic,3,3,2,passthrough,SA_VSA_OGM,1,2.0,1024
142,0.7383913413187889,0.7484338624338625,42,cuda,True,None,renyi_normalize_cubic,3,3,4,passthrough,SA_VSA_OGM,1,2.0,1024
143,0.6337921400124926,0.8039047619047619,42,cuda,True,None,renyi_normalize_cubic,3,3,8,passthrough,SA_VSA_OGM,1,2.0,1024
144,0.8485152546557369,0.469505291005291,42,cuda,True,None,renyi_normalize_cubic,3,3,1,passthrough,SA_VSA_OGM,1,0.1,512
145,0.7167605456848575,0.5072010582010582,42,cuda,True,None,renyi_normalize_cubic,3,3,2,passthrough,SA_VSA_OGM,1,0.1,512
146,0.7489112324950358,0.458457671957672,42,cuda,True,None,renyi_normalize_cubic,3,3,4,passthrough,SA_VSA_OGM,1,0.1,512
147,0.7321152218357931,0.5170687830687831,42,cuda,True,None,renyi_normalize_cubic,3,3,8,passthrough,SA_VSA_OGM,1,0.1,512
148,0.7558292824936456,0.44326984126984126,42,cuda,True,None,renyi_normalize_cubic,3,3,1,passthrough,SA_VSA_OGM,1,0.2,512
149,0.7950096705070948,0.47398941798941807,42,cuda,True,None,renyi_normalize_cubic,3,3,2,passthrough,SA_VSA_OGM,1,0.2,512
150,0.8353536408759336,0.4455608465608466,42,cuda,True,None,renyi_normalize_cubic,3,3,4,passthrough,SA_VSA_OGM,1,0.2,512
151,0.7671621101406901,0.5152989417989419,42,cuda,True,None,renyi_normalize_cubic,3,3,8,passthrough,SA_VSA_OGM,1,0.2,512
152,0.7846007743474167,0.5294708994708994,42,cuda,True,None,renyi_normalize_cubic,3,3,1,passthrough,SA_VSA_OGM,1,0.5,512
153,0.7398360370548999,0.43278042328042327,42,cuda,True,None,renyi_normalize_cubic,3,3,2,passthrough,SA_VSA_OGM,1,0.5,512
154,0.7264425492986142,0.4832539682539682,42,cuda,True,None,renyi_normalize_cubic,3,3,4,passthrough,SA_VSA_OGM,1,0.5,512
155,0.7361709272018653,0.4993809523809524,42,cuda,True,None,renyi_normalize_cubic,3,3,8,passthrough,SA_VSA_OGM,1,0.5,512
156,0.6751644524163394,0.5867698412698412,42,cuda,True,None,renyi_normalize_cubic,3,3,1,passthrough,SA_VSA_OGM,1,1.0,512
157,0.6677162204473649,0.5937513227513227,42,cuda,True,None,renyi_normalize_cubic,3,3,2,passthrough,SA_VSA_OGM,1,1.0,512
158,0.6403563445028427,0.6699047619047619,42,cuda,True,None,renyi_normalize_cubic,3,3,4,passthrough,SA_VSA_OGM,1,1.0,512
159,0.7126090190947397,0.624089947089947,42,cuda,True,None,renyi_normalize_cubic,3,3,8,passthrough,SA_VSA_OGM,1,1.0,512
160,0.5755537326966144,0.7774074074074073,42,cuda,True,None,renyi_normalize_cubic,3,3,1,passthrough,SA_VSA_OGM,1,1.5,512
161,0.652021549942201,0.6229391534391535,42,cuda,True,None,renyi_normalize_cubic,3,3,2,passthrough,SA_VSA_OGM,1,1.5,512
162,0.6126139711771316,0.6999021164021164,42,cuda,True,None,renyi_normalize_cubic,3,3,4,passthrough,SA_VSA_OGM,1,1.5,512
163,0.6516692827607997,0.6635238095238095,42,cuda,True,None,renyi_normalize_cubic,3,3,8,passthrough,SA_VSA_OGM,1,1.5,512
164,0.6209251535500927,0.7393412698412697,42,cuda,True,None,renyi_normalize_cubic,3,3,1,passthrough,SA_VSA_OGM,1,2.0,512
165,0.59106927309957,0.7244179894179894,42,cuda,True,None,renyi_normalize_cubic,3,3,2,passthrough,SA_VSA_OGM,1,2.0,512
166,0.6364044060029764,0.793095238095238,42,cuda,True,None,renyi_normalize_cubic,3,3,4,passthrough,SA_VSA_OGM,1,2.0,512
167,0.6030882659901131,0.7282777777777778,42,cuda,True,None,renyi_normalize_cubic,3,3,8,passthrough,SA_VSA_OGM,1,2.0,512
168,0.7646318726396167,0.5914814814814815,42,cuda,True,None,renyi_normalize_cubic,3,3,1,passthrough,SA_VSA_OGM,1,0.1,256
169,0.7576767165023401,0.4623597883597884,42,cuda,True,None,renyi_normalize_cubic,3,3,2,passthrough,SA_VSA_OGM,1,0.1,256
170,0.719221029343461,0.4974523809523809,42,cuda,True,None,renyi_normalize_cubic,3,3,4,passthrough,SA_VSA_OGM,1,0.1,256
171,0.7069612496970522,0.5247380952380952,42,cuda,True,None,renyi_normalize_cubic,3,3,8,passthrough,SA_VSA_OGM,1,0.1,256
172,0.7104766684857793,0.5365873015873016,42,cuda,True,None,renyi_normalize_cubic,3,3,1,passthrough,SA_VSA_OGM,1,0.2,256
173,0.7470891974972603,0.5029338624338624,42,cuda,True,None,renyi_normalize_cubic,3,3,2,passthrough,SA_VSA_OGM,1,0.2,256
174,0.7123889103998489,0.4732645502645503,42,cuda,True,None,renyi_normalize_cubic,3,3,4,passthrough,SA_VSA_OGM,1,0.2,256
175,0.7458641004854043,0.4609021164021164,42,cuda,True,None,renyi_normalize_cubic,3,3,8,passthrough,SA_VSA_OGM,1,0.2,256
176,0.7569699444450563,0.5472645502645503,42,cuda,True,None,renyi_normalize_cubic,3,3,1,passthrough,SA_VSA_OGM,1,0.5,256
177,0.7306059784598121,0.5152142857142856,42,cuda,True,None,renyi_normalize_cubic,3,3,2,passthrough,SA_VSA_OGM,1,0.5,256
178,0.7363416193709722,0.4810899470899471,42,cuda,True,None,renyi_normalize_cubic,3,3,4,passthrough,SA_VSA_OGM,1,0.5,256
179,0.6916715883904833,0.5662010582010581,42,cuda,True,None,renyi_normalize_cubic,3,3,8,passthrough,SA_VSA_OGM,1,0.5,256
180,0.7121500286695819,0.5666719576719577,42,cuda,True,None,renyi_normalize_cubic,3,3,1,passthrough,SA_VSA_OGM,1,1.0,256
181,0.7214937863557881,0.5164708994708995,42,cuda,True,None,renyi_normalize_cubic,3,3,2,passthrough,SA_VSA_OGM,1,1.0,256
182,0.7127146421794863,0.5433412698412698,42,cuda,True,None,renyi_normalize_cubic,3,3,4,passthrough,SA_VSA_OGM,1,1.0,256
183,0.7066698241488734,0.5285740740740741,42,cuda,True,None,renyi_normalize_cubic,3,3,8,passthrough,SA_VSA_OGM,1,1.0,256
184,0.6711503309908546,0.6158544973544973,42,cuda,True,None,renyi_normalize_cubic,3,3,1,passthrough,SA_VSA_OGM,1,1.5,256
185,0.553855709810627,0.779021164021164,42,cuda,True,None,renyi_normalize_cubic,3,3,2,passthrough,SA_VSA_OGM,1,1.5,256
186,0.668086402824948,0.6194126984126984,42,cuda,True,None,renyi_normalize_cubic,3,3,4,passthrough,SA_VSA_OGM,1,1.5,256
187,0.5752148799549043,0.770031746031746,42,cuda,True,None,renyi_normalize_cubic,3,3,8,passthrough,SA_VSA_OGM,1,1.5,256
188,0.6937338859569208,0.6685502645502646,42,cuda,True,None,renyi_normalize_cubic,3,3,1,passthrough,SA_VSA_OGM,1,2.0,256
189,0.6628752584191783,0.6548465608465608,42,cuda,True,None,renyi_normalize_cubic,3,3,2,passthrough,SA_VSA_OGM,1,2.0,256
190,0.6031562038680147,0.7142513227513227,42,cuda,True,None,renyi_normalize_cubic,3,3,4,passthrough,SA_VSA_OGM,1,2.0,256
191,0.7914633561371296,0.5814232804232804,42,cuda,True,None,renyi_normalize_cubic,3,3,8,passthrough,SA_VSA_OGM,1,2.0,256
